Manufacturer,ProductName,Category, Quantity
SAMSUNG,Samsung Monitor 24” LS24R650FDWXXL,24
SAMSUNG,Samsung Monitor 24” LS24R650FDWXXL,2
SAMSUNG,"Samsung Monitor 24"" LS24A314NHWXXL",6
SAMSUNG,"Samsung Monitor 24"" LS24A314NHWXXL",19
SAMSUNG,"Samsung Monitor 24"" LS24R358FZWXXL",65
COOLER MASTER, K501L Front Panel Assembly  ,1
COOLER MASTER,MasterFan MF120 Halo 3in1-Cooler,3
COOLER MASTER,MasterFan MF120 Halo 3in1 White Edition,3
COOLER MASTER,Mf120 Prismatic 3In1 - Cooler,3
SAMSUNG,"Samsung Monitor 24"" LS24R358FZWXXL",5
SAMSUNG,"24"" Incredibly defined FHD monitor with wider view and clear all round",5
PRINTRONIX,Printronix Line Matrix Impact Printer 500 LPM Open pedestal,3
COOLER MASTER,MB511 / 511 RGB USB Assembly  ,1
COOLER MASTER,K380 I/O Assembly,1
BPL,BPL 12W Regular Led Bulb Bb12Rg0A-Cdl,1
BPL,BPL 0.5W White Deco Bulb Bd01Rg0A-W,1
COOLER MASTER,SickleFlow 120 ARGB 3 in 1 White Edition,3
FUJIFILM,Fujifilm Instax Frame Design Black Film,3
FUJIFILM,Fujifilm Instax Mini Candypop Film,5
VIEWSONIC,VPC15-WP Slot-in PC for the ViewBoard interactive displays,3
FUJIFILM,Fujifilm Instax Mini 9 Megapack- Ice Blue,2
FUJIFILM,Fujifilm Instax Mini 11 Bundle Pack- Charcoal Gray,2
FUJIFILM,Fujifilm Instax Mini 11 Bundle Pack- Sky Blue,1
HYPERICE,Hyperice HYPERVOLT GO,1
HYPERICE,Hyperice Hypersphere Mini Black,1
HYPERICE,Hyperice HYPERVOLT GO,1
HYPERICE,Hyperice Hypersphere Mini Black,1
BPL,BPL 20W Regular Led Batten Bn20Rg0A-Cdl,500
BPL,BPL 20W Regular Led Batten Bn20Rg0A-Cdl,100
BPL,BPL 18W Regular Led Bulb Bb18Rg0A-Cdl,60
BPL,BPL 18W Regular Led Bulb Bb18Rg0A-Cdl,5
BPL,BPL 10W Regular T-Bulb Bt10Rg0B-Cdl,36
BPL,BPL 10W Regular T-Bulb Bt10Rg0B-Cdl,3
COOLER MASTER,Caliber R2 Gaming Chair Red,5
COOLER MASTER,Caliber R2 Gaming Chair Grey,5
DUSTOR,Robot Vacuum Cleaner BOT X PRO,1
COOLER MASTER,i70 Cooler,5
FUJIFILM,Instax Mini 11 Camera Blue  (Cupid Box),3
FUJIFILM,Instax Mini 11 Camera Pink TH (Cupid Box),2
FUJIFILM,Instax Mini 11 Camera Purple TH (Cupid Box),5
COOLER MASTER,Seatbase With Recliner. Calibre R2 Seat Base - Spare Parts,1
FUJIFILM,Instax Mini 11 Camera White TH (Cupid Box),2
FUJIFILM,Instax Mini 11 Camera Pink TH (Cupid Box),2
FUJIFILM,Instax Mini 11 Camera Blue  (Cupid Box),2
FUJIFILM,Instax Mini 11 Camera Purple TH (Cupid Box),2
FUJIFILM,Instax Mini 11 Camera Gray  (Cupid Box),2
FUJIFILM,Instax Mini 11 Camera White TH (Cupid Box),2
FUJIFILM,Instax Mini 11 Camera Pink TH (Cupid Box),2
FUJIFILM,Instax Mini 11 Camera Blue  (Cupid Box),2
FUJIFILM,Instax Mini 11 Camera Purple TH (Cupid Box),2
FUJIFILM,Instax Mini 11 Camera Gray  (Cupid Box),2
BPL,BPL Exhaust Fan Basic 250mm-BFEB-0301WH,1
BPL,BPL Exhaust Fan Basic 200 mm-BFEB-0201WH,1
COOLER MASTER,ML240L V2 RGB- Cooler,2
INSTA360,Insta360 OneR 1InchDigital Still Image&VideoCamera,1
INSTA360,Insta360 One R4K Digital Still Image& Video Camera,1
INSTA360,Insta360 One R Selfie Stick 70Cm,1
INSTA360,Insta360 One R Lens Guard,1
INSTA360,Insta360 One R Battery Charger,1
INSTA360,Insta360 Lens Cap,2
AOC,"MONITOR 22"" LED AOC E2270SWHN",2
BPL,BPL 20W Regular Led Batten Bn20Rg0A-Cdl,500
BPL,BPL 20W Regular Led Batten Bn20Rg0A-Cdl,100
PNY,PNY VCNT400-4GB-SB NVIDIA T400 4GB,24
PNY,PNY VCNRTXA2000-12GB-SB  NVIDIA RTX A2000 12GB,16
FUJIFILM,Instax Mini 11 Camera Blue  (Cupid Box),3
FUJIFILM,Instax Mini 11 Camera Pink TH (Cupid Box),3
FUJIFILM,Instax Mini 11 Camera Purple TH (Cupid Box),2
HYPERICE,Hyperice HYPERVOLT GO,1
HYPERICE,Hypervolt 2 Head Attachments,1
HYPERICE,Hyperice Hypervolt Plus Bluetooth,1
HYPERICE,Hyperice Hypervolt 2,1
HYPERICE,Hyperice Hypersphere Mini Black,1
SAMSUNG,Samsung Monitor 32 LS32AM700UWXXL,1
SAMSUNG,"Samsung Monitor 32"" LS32AM501NWXXL",1
BPL,BPL Ceiling Fan HS 1200mm-BFCB-1204BR,48
BPL,BPL Ceiling Fan HS 1200mm-BFCB-1204BR,4
COOLER MASTER,Mousepad,1
COOLER MASTER,Mousepad,1
COOLER MASTER,TD500 Mesh-Tempered glass Assembly-Gray Black,1
HYPERICE,PULSE Carry Case Black one size,1
PRINTRONIX,Printronix Line Matrix Impact Printer 500 LPM Open pedestal,1
PRINTRONIX,Printronix Line Matrix Impact Printer 500 LPM Open pedestal,2
COOLER MASTER, K501L Front Panel Assembly  ,1
PRINTRONIX,Printronix Line Matrix Impact Printer 500 LPM Open pedestal,3
PHILIPS,Philips Monitor- 18.5/TN/1366x768/VGA+HDMI/Vesa Mount,1
DISNEY MARVEL,Disney Marvel Reconnect  2 USB Wall Charger DWC101 HK,2
DISNEY MARVEL,Disney Marvel Reconnect  2 USB Wall Charger DWC101 CM,1
HONEYWELL AUDIO,Suono P2000 Truly Wireless Ear buds,1
EDELKRONE,New SliderPLUS v5 PRO Long,1
COOLER MASTER,Mousepad,5
COOLER MASTER,Mousepad,3
COOLER MASTER,Mousepad,5
COOLER MASTER,Mousepad,5
COOLER MASTER,Mousepad,5
COOLER MASTER,MasterCase H500P Mesh ARGB,2
COOLER MASTER,MasterFrame 700,1
COOLER MASTER,MWE BRONZE V2 230V 750W A/UK Cable,1
FUJIFILM,Instax Mini 11 Camera Blue  (Cupid Box),10
FUJIFILM,Instax Mini 11 Camera Pink TH (Cupid Box),5
FUJIFILM,Instax Mini 11 Camera Purple TH (Cupid Box),5
FUJIFILM,Fujifilm Instax Square Glossy Film- 40 shots,1
HYPERICE,Hyperice Hypervolt 2,1
HONEYWELL,Displayport male to HDMI adapter,20
HONEYWELL,Mini Display Port To Hdmi - Wht Adapter,20
COOLER MASTER,K380 I/O Assembly,1
COOLER MASTER,Mousepad,35
OLYMPUS,Olympus E-M1X(IN)BLKBODY Dslr Camera Demo,1
OLYMPUS,EZ-M1240(G) BLACK 12-40MM F2.8 LEN PRO DEMO ,1
OLYMPUS,Olympus OMD EM-1 mark II only body Demo,1
OLYMPUS,DEMO-M.ZUIKO DIGITAL ED 300mm F4.0 IS PRO,1
GOPRO,GOPRO HERO7 SILVER,1
FUJIFILM,Instax Mini 11 Camera Blue  (Cupid Box),3
FUJIFILM,Instax Mini 11 Camera Pink TH (Cupid Box),4
FUJIFILM,Instax Mini 11 Camera Purple TH (Cupid Box),2
FUJIFILM,Instax Mini 11 Camera Gray  (Cupid Box),1
HYPERICE,Hyperice Hypervolt Table top POP,1
HYPERICE,Hyperice Hypervolt Table top POP,1
HYPERICE,Hyperice Hypervolt Table top POP,1
HYPERICE,Hyperice Hypervolt Table top POP,1
HYPERICE,Hyperice Hypervolt Table top POP,1
HYPERICE,Hyperice Hypervolt Table top POP,1
HYPERICE,Hyperice Hypervolt Table top POP,1
HYPERICE,Hyperice Hypervolt Table top POP,1
HYPERICE,Hyperice Hypervolt Table top POP,1
HYPERICE,Hyperice Hypervolt Table top POP,1
HYPERICE,Hyperice Hypervolt Table top POP,1
TRANSCEND,"All-in-1 Multi Memory Card Reader, USB 3.0/3.1 Gen 1, Black",50
PRINTRONIX SPARES,"SWITCH ASSY,P8 PAPER DETECTOR",1
COOLER MASTER,MWE Bronze V2 230V 450W - POWER SPLY,15
PTX CONSUMABLES,"CARTRIDGE P7 EXTENDED LIFE, 4 Pack 30K pages",6
HYPERICE,Hyperice Hypervolt Table top POP,1
HYPERICE,Hyperice Hypervolt Table top POP,1
HYPERICE,Hyperice Hypervolt Table top POP,1
HYPERICE,Hyperice Hypervolt Table top POP,1
COOLER MASTER,Mousepad,5
COOLER MASTER,H500 ARGB Outer/Carton box,1
COOLER MASTER,MB511/MB520/K501L TG Panel,1
COOLER MASTER,H500P Mesh ARGB Screws- Spare,2
HONEYWELL,4 Outlet Surge protector - Platinum series,5
HONEYWELL,3 in 1 Magnetic Rapid Multi Charge USB Cable,20
HONEYWELL,Apple Lightning Sync & Charge Cable 1.2 Mtr (Braided) - Grey,50
HONEYWELL,4 out surge protector with master switch + 2 USB,10
HONEYWELL,Travel Surge,2
HONEYWELL,5 Outlet Surge protector with 2 USB Ports - Platinum series,5
HONEYWELL,HDMI 5 Mtr with Ethernet,2
HONEYWELL,HDMI 20 Mtr with Ethernet,5
HONEYWELL,C Type Ultra Dock,5
HONEYWELL,Micro CLA Charger w/o cable 6.8 Amp 4 x USB,5
HONEYWELL,8 out surge protector with master switch,10
HONEYWELL AUDIO,Trueno U100 Bluetooth Speaker Duo,2
HONEYWELL AUDIO,Moxie V10 Bluetooth Neckband,5
HONEYWELL AUDIO,Suono P10 Bluetooth Neckband,5
HONEYWELL AUDIO,Suono P2000 Truly Wireless Ear buds,25
HONEYWELL AUDIO,Suono P3000 Truly Wireless Ear buds,15
HONEYWELL AUDIO,Moxie V1000 Truly Wireless Ear buds,25
HONEYWELL,4 port USB Non-Powered Hub 2.0,20
HONEYWELL,USB 2.0 to Type C cable 1.2mtr - (Non Braided) - Black,4
HONEYWELL,Thunderbolt 3 Docking Station,1
HONEYWELL,Zest Charger with QC3.0,1
SHEMAROO,Shemaroo BT Speaker Shrimad Bhagavad Gita,9
SHEMAROO,Shemaroo BT Speaker Bhajan Vaani,8
SHEMAROO,Shemaroo Amrit Bani (Light wood),4
SHEMAROO,Shemaroo Amrit Bani (Saffron),14
BPL,BPL Ceiling Fan HS 1200mm-BFCB-1206BR,36
BPL,BPL Ceiling Fan HS 1200mm-BFCB-1206BR,3
BPL,BPL Ceiling Fan HS 1200mm-BFCB-1207WH,12
BPL,BPL Ceiling Fan HS 1200mm-BFCB-1207WH,1
PNY,"SSD,2.5,SAT3,120G,TLC,CS900",100
PNY,"SSD,2.5,SAT3,240G,TLC,CS900",100
MSI,Cubi N JSL-016BIN-BN4500XX,1
FUJIFILM,Fujifilm Instax Mini Glossy Film- 100 shots,2
HONEYWELL,HDMI 10 Mtr with Ethernet - 2.0 Compliant Slim,25
BPL,BPL Ceiling Fan Basic 0600mm-BFCB-0602BR,36
BPL,BPL Ceiling Fan Basic 0600mm-BFCB-0602BR,3
IBALL,Cabinet with PowerSupply iBall Piano 135,500
IBALL,Pen Digitizer iBall PD-5548U (5.5 x 4),50
IBALL,Pen Digitizer iBall PD8060U (Black color),50
IBALL,Wireless-N USB Adapter 150M(iB-WUA150NM),500
IBALL,Headset Rocky with Mic,500
IBALL,Tablet 3G Skye 03 (Graphite Black),2
IBALL,Tablet 4G MovieZ Pro(Coal Blk)iT-KSA0012,2
SHEMAROO,Shemaroo BT Speaker Shrimad Bhagavad Gita,65
SHEMAROO,Shemaroo BT Speaker Bhajan Vaani,39
SHEMAROO,Shemaroo BT Speaker Quran Majeed,6
SHEMAROO,Shemaroo BT Speaker Ganesha Bhajan Vaani,18
SHEMAROO,Shemaroo Amrit Bani (Light wood),6
SHEMAROO,Shemaroo Amrit Bani (Saffron),8
SHEMAROO,Shemaroo Krishna Vaani,5
SHEMAROO,Shemaroo Sai Vaani,5
GOPRO,Max Lens Mod for HERO9 Black,102
GOPRO,Max Lens Mod for HERO9 Black,6
GOPRO,Max Lens Mod for HERO9 Black,6
GOPRO,Max Lens Mod for HERO9 Black,6
INSTA360,Insta360 3 meter selfstick,2
INSTA360,Insta360 Bullet Time Box for ONE X2,1
FUJIFILM,Fujifilm Instax Mini Glossy Film- 100 shots,2
FUJIFILM,Fujifilm Instax Mini 9 Megapack- Ice Blue,1
FUJIFILM,Fujifilm Instax Mini Glossy Film- 100 shots,1
IBALL,Computer Speaker iBall Decor9 2.0,210
IBALL,BT headset - Mic Decibel Black Edition,3
FUJIFILM,Fujifilm Instax Mini Glossy Film- 100 shots,2
FUJIFILM,Fujifilm Instax Mini 9 Megapack- Flamingo Pink,1
IBALL,BT headset - Mic Decibel Black Edition,13
VIEWSONIC,IFP6550-2 ViewBoard 65 4K Interactive Display,1
COOLER MASTER,K380 I/O Assembly,1
COOLER MASTER, Elite 310C Front Panel ,1
MSI,Cubi N JSL-016BIN-BN4500XX,2
NEDIS,Gaming Speaker | Speaker channels: 2.1 | USB Powered | Connection input: 1x 3.5 mm | 30 W | Without ,22
COOLER MASTER,MM711 Retro,1
FUJIFILM,Fujifilm Instax Mini Glossy Film- 100 shots,5
FUJIFILM,Fujifilm Instax Mini Liplay Plus- Elegant Black,1
FUJIFILM,Fujifilm Instax Link Printer Starter Kit-DuskyPink,1
COOLER MASTER,MH650- Headset,1
COOLER MASTER,MK750 BLUE Switch Keyboard,1
COOLER MASTER,Mousepad MP511/CORDURA/XL Size,1
IBALL,Computer Power Supply iBall ZPS-281,100
INSTA360,Insta360 2-in-1 Invisible Selfie Stick + Tripod for ONE X2,2
INSTA360,Insta360 GO2(64GB) Digital Still Image & Video Camera,1
INSTA360,Insta360 One R4K Digital Still Image& Video Camera,1
PRINTRONIX SPARES,"SPRING,ANTIROTATION,SHUTTLE,LM",1
SHEMAROO,Shemaroo BT Speaker Shrimad Bhagavad Gita,65
SHEMAROO,Shemaroo BT Speaker Bhajan Vaani,39
SHEMAROO,Shemaroo BT Speaker Quran Majeed,6
SHEMAROO,Shemaroo BT Speaker Ganesha Bhajan Vaani,18
SHEMAROO,Shemaroo Amrit Bani (Light wood),6
SHEMAROO,Shemaroo Amrit Bani (Saffron),8
SHEMAROO,Shemaroo Krishna Vaani,5
SHEMAROO,Shemaroo Sai Vaani,5
SHEMAROO,Shemaroo BT Speaker Shrimad Bhagavad Gita,65
SHEMAROO,Shemaroo BT Speaker Bhajan Vaani,39
SHEMAROO,Shemaroo BT Speaker Quran Majeed,6
SHEMAROO,Shemaroo BT Speaker Ganesha Bhajan Vaani,18
SHEMAROO,Shemaroo Amrit Bani (Light wood),6
SHEMAROO,Shemaroo Amrit Bani (Saffron),8
SHEMAROO,Shemaroo Krishna Vaani,5
SHEMAROO,Shemaroo Sai Vaani,5
COOLER MASTER,MasterFan MF120 S3,50
HONEYWELL SCS,Cat 6 UTP 4 Pair Solid Cable 24AWG FRPVC CM 305 Mtrs,10
FUJIFILM,Fujifilm Instax Mini 9 Megapack- Ice Blue,1
FUJIFILM,Instax Mini 11 Camera Purple TH (Cupid Box),1
INSTA360,Insta360 GO2 Floating Hand Grip,1
COOLER MASTER,MWE Bronze V2 230V 550W - POWER SPLY,45
COOLER MASTER,MWE BRONZE V2 230V 650W A/UK Cable,20
COOLER MASTER,MB511/MB520/K501L TG Panel,1
COOLER MASTER,MB511/MB520/K501L TG Panel,1
GOPRO,Max Lens Mod for HERO9 Black,18
FUJIFILM,Instax Mini 11 Camera Blue  (Cupid Box),10
COOLER MASTER,Caliber R2 Gaming Chair,1
COOLER MASTER,MB511/MB520/K501L TG Panel,1
IBALL,Earphone with Mic iBall EarWear-Gem,5
ZEISS,Zeiss Binoculars  Victory SF 10 x 42 T LotuTec black SF,30
COOLER MASTER,MasterFan MF120 S3,20
FUJIFILM,Fujifilm Instax Mini 9 Megapack- Flamingo Pink,1
BPL,BPL 9W Regular Led Bulb Bb09Rg0A-Cdl,10
IBALL,Deskset iBall WINTOP V3.0,100
THERMALTAKE,Smart BX1 650W,5
THERMALTAKE,Smart BX1 750W,5
THERMALTAKE,Toughpower GF 750W,5
THERMALTAKE,Toughpower GF 850W,5
THERMALTAKE,TH240 ARGB Sync,5
THERMALTAKE,TH360 ARGB Sync AIO - Cooler,5
THERMALTAKE,TH240 ARGB Sync Snow Edition AIO Liquid Cooler,2
THERMALTAKE,TH360 ARGB Sync Snow Edition AIO Liquid Cooler,2
THERMALTAKE,V200 Tempered Glass RGB Edition,5
THERMALTAKE,H200 TG Snow RGB,3
THERMALTAKE,V250 TG ARGB Mid-Tower Chassis,2
OLYMPUS,Olympus BLS-50 Battery,1
COOLER MASTER,CryoFuze Thermal Paste,10
SAMSUNG,Samsung Monitor 24” LS24R650FDWXXL,60
SAMSUNG,Samsung Monitor 24” LS24R650FDWXXL,300
EDELKRONE,DEMO FlexTILT Head 2,1
EDELKRONE,DEMO DollyONE,1
EDELKRONE,DEMO AC/DC Adapter for HeadPLUS/HPP,1
EDELKRONE,DEMO HeadPLUS PRO,1
EDELKRONE,Demo Spare Part(Jib One),1
EDELKRONE,DEMO New SliderPLUS v5 PRO Compact,1
NEDIS,Value Line Speaker Cable 2x2.50 mm 100 m,6
NEDIS,NEDIS-BANDRIDGE SPEAKER CABLE 2.5MM 305 MTRS,2
PRINTRONIX,Printronix Line Matrix Impact Printer 1000 LPM Open Pedestal,1
COOLER MASTER,MasterBox CM694,1
SAMSUNG,Samsung Monitor 24” LS24R650FDWXXL,360
PRINTRONIX SPARES,"COVER,ASSY,1000",1
INSTA360,Fast Charging Hub for Insta360 ONE X2,8
FUJIFILM,Instax Mini 11 Camera Pink TH (Cupid Box),10
FUJIFILM,Instax Mini 11 Camera Purple TH (Cupid Box),10
COOLER MASTER,310C Right Side Panel,1
COOLER MASTER, TD500L/TD500Mesh/TD500 Crystal I/O panel  ,1
COOLER MASTER,Chair Caliber R2- Backrest,1
COOLER MASTER,CryoFuze Thermal Paste,10
SHEMAROO,Shemaroo BT Speaker Ganesha Bhajan Vaani,1
BPL,BPL 0.5W Yellow Deco Bulb Bd01Rg0A-Y,3
RAPOO,Keyboard Wired USB NK1800,40
RAPOO,"N100 Black - Wired Optical Mouse No driver required, just plug it in and go.",30
RAPOO,Optical Mouse – N200 Black,30
RAPOO,H100 Wired Headphone,10
RAPOO,H120.BLACK HEADPHONE,10
RAPOO,9300M - Wireless Multimode Optical Mouse & Ultra-slim Keyboard Combo,2
NEDIS,NEDIS-BANDRIDGE SPEAKER CABLE 2.5MM 305 MTRS,7
COLORFUL,Colorful SATA SL300 128GB SSD,49
COLORFUL,Colorful SATA SL500 250GB  SSD,200
COLORFUL,Colorful NVME CN600 128GB SSD,20
COLORFUL,Colorful NVME CN600 256GB SSD,30
COLORFUL,Colorful NVME CN600 512GB SSD,3
IBALL,Wireless Deskset iBall Magical Duo2 (Black),50
IBALL,Wireless Deskset iBall Magical Duo2 (Black),5
IBALL,Deskset iBall WINTOP V3.0,50
IBALL,Deskset iBall WINTOP V3.0,2
IBALL,Cabinet with Power Supply iBall Primo,25
IBALL,Cabinet with Power Supply iBall Elite,25
IBALL,Computer Power Supply iBall ZPES-258,5
THERMALTAKE,S300 Tempered Glass Mid-Tower Chassis,1
COOLER MASTER,MA612 Stealth ARGB Cooler,2
COOLER MASTER,MasterAir MA624 Stealth,2
COOLER MASTER,ML240L V2 RGB- Cooler,20
COOLER MASTER,ML360 ILLUSION -Cooler,2
COOLER MASTER,ML360L ARGB V2 - Cooler,5
COOLER MASTER,Hyper 212 Black edition/Hyper 212 EVO V2 LGA 1700 Bracket ,15
COOLER MASTER,ML120L V2 RGB - Cooler,10
COOLER MASTER,Hyper T20,25
COOLER MASTER,ML240L V2 RGB- Cooler,20
COOLER MASTER,Hyper T20,25
COLORFUL,Colorful SATA SL300 128GB SSD,51
COLORFUL,Colorful NVME CN600 512GB SSD,10
COOLER MASTER,MasterBox TD500 Mesh w/ctrl,5
COOLER MASTER,ML240L ARGB V2 -Thermal,5
COOLER MASTER,ML240L V2 ARGB White Edition,5
COOLER MASTER,ML240 ILLUSION -Cooler,5
COOLER MASTER,ML360 ILLUSION -Cooler,5
COOLER MASTER,ML360L ARGB V2 - Cooler,5
COLORFUL,Colorful NVME CN600 512GB SSD,7
COOLER MASTER,Hyper 212 Black edition/Hyper 212 EVO V2 LGA 1700 Bracket ,12
COOLER MASTER,Safety AC Power Supply Cord (IN),1
COOLER MASTER,MB511/MB520/K501L TG Panel,1
HAMA,"Smooth Monostand, 155 Click, with Three-Arm Base",1
COOLER MASTER,Hyper 212 Black edition/Hyper 212 EVO V2 LGA 1700 Bracket ,1
COOLER MASTER,Hyper 212 Black edition/Hyper 212 EVO V2 LGA 1700 Bracket ,1
COOLER MASTER,Mousepad,1
COOLER MASTER,Mousepad,1
COOLER MASTER,Mousepad,1
COOLER MASTER,"MWE Gold V2, 1050W POWER SUPPLY (SMPS)",3
FUJIFILM,Instax Mini 11 Camera Blue  (Cupid Box),1
FUJIFILM,Instax Mini 11 Camera Pink TH (Cupid Box),1
FUJIFILM,Fujifilm Instax Mini Glossy Film- 100 shots,2
COOLER MASTER,ML240L ARGB V2 -Thermal,3
COOLER MASTER,ML360L ARGB V2 - Cooler,3
COOLER MASTER,MB511 / 511 RGB USB Assembly  ,1
DISNEY MARVEL,Disney Marvel Reconnect  TWS Earphone DTWS101 CA,9
DISNEY MARVEL,Disney Marvel Reconnect  18W Car Charger DCC301 BP,15
DISNEY MARVEL,Disney Marvel Reconnect  18W Car Charger DCC301 AV,1
